a.b.c.android.xiaoshuo.xiaoshuoset.apk,1
ab.gobang.apk,1
a8.a8videopokerlite.apk,1
aame.mobi.fingerfightlite.apk,1
a.b.c.android.tools.mtns.apk,1
a8.kv.chilly.apk,1
a.b.c.android.xiaoshuo.fzsz.apk,1
a.b.c.android.stocksshq.apk,1
a.b.c.android.xiaoshuo.jkqddxbs.apk,1
0a9ec6f11cc0842e507ef10da3d83e2d880833847993be55d2def2c561760385,0
0a0a78000e418ea28fa02e8c162c43396db6141ef8fe876db4027fef04bed663,0
0a1aa1f3c881c8e8f6ea3a27fb6772c1cb21038e0bc134e702492d84d5d2646f,0
0a02157b6acd24011b8d165da2625b7a6c804287701f5e211d296bad2a0a10ce,0
0a073153ba87aebad2f47bc8a0eb3a40f4f24599c7f3926502c070133a09c1c0,0
0a4d010be1742edb7cd76ffef94e7a1d4cc8c1def1ac37930403ff9f5ccc4841,0
0a3be4156b705957d201a86250d0d7f4c5470f1737ed6d438a129a39b475397b,0
